Scotland's Census 2011 - National Records of Scotland,,,,
Table DC1117SC - Age by sex,,,,
All people,,,,
,,,,
,,All people,Males,Females
Scotland,All people,"5,295,403","2,567,444","2,727,959"
Scotland,Under 1,"58,715","29,892","28,823"
Scotland,1,"59,556","30,368","29,188"
Scotland,2,"58,909","29,973","28,936"
Scotland,3,"58,764","30,029","28,735"
Scotland,4,"56,877","28,962","27,915"
Scotland,5,"55,224","28,314","26,910"
Scotland,6,"55,236","28,364","26,872"
Scotland,7,"53,786","27,614","26,172"
Scotland,8,"52,325","26,660","25,665"
Scotland,9,"53,046","27,024","26,022"
Scotland,10,"55,067","28,117","26,950"
Scotland,11,"56,769","29,070","27,699"
Scotland,12,"58,656","30,244","28,412"
Scotland,13,"59,971","30,618","29,353"
Scotland,14,"61,152","31,566","29,586"
Scotland,15,"62,278","32,291","29,987"
Scotland,16,"62,145","31,785","30,360"
Scotland,17,"64,121","32,814","31,307"
Scotland,18,"68,130","34,313","33,817"
Scotland,19,"74,152","36,912","37,240"
Scotland,20,"74,835","37,647","37,188"
Scotland,21,"72,001","35,780","36,221"
Scotland,22,"72,969","36,345","36,624"
Scotland,23,"73,783","36,549","37,234"
Scotland,24,"70,352","34,738","35,614"
Scotland,25,"70,288","34,959","35,329"
Scotland,26,"69,246","33,974","35,272"
Scotland,27,"67,813","33,512","34,301"
Scotland,28,"68,342","33,383","34,959"
Scotland,29,"69,943","34,133","35,810"
Scotland,30,"69,202","34,068","35,134"
Scotland,31,"67,429","33,285","34,144"
Scotland,32,"64,193","31,799","32,394"
Scotland,33,"60,491","29,611","30,880"
Scotland,34,"60,380","29,883","30,497"
Scotland,35,"63,609","31,264","32,345"
Scotland,36,"64,355","31,366","32,989"
Scotland,37,"66,397","32,782","33,615"
Scotland,38,"70,159","34,268","35,891"
Scotland,39,"75,536","36,550","38,986"
Scotland,40,"76,562","36,826","39,736"
Scotland,41,"76,474","37,162","39,312"
Scotland,42,"79,587","38,493","41,094"
Scotland,43,"80,953","39,325","41,628"
Scotland,44,"81,122","39,634","41,488"
Scotland,45,"81,314","39,630","41,684"
Scotland,46,"84,376","41,087","43,289"
Scotland,47,"82,601","39,963","42,638"
Scotland,48,"82,554","40,426","42,128"
Scotland,49,"80,084","39,213","40,871"
Scotland,50,"78,847","38,641","40,206"
Scotland,51,"75,598","37,165","38,433"
Scotland,52,"75,660","36,960","38,700"
Scotland,53,"73,955","36,148","37,807"
Scotland,54,"71,767","35,284","36,483"
Scotland,55,"69,190","33,834","35,356"
Scotland,56,"67,232","32,965","34,267"
Scotland,57,"66,128","32,606","33,522"
Scotland,58,"64,782","31,598","33,184"
Scotland,59,"63,559","31,194","32,365"
Scotland,60,"63,996","31,525","32,471"
Scotland,61,"64,709","31,616","33,093"
Scotland,62,"66,339","32,617","33,722"
Scotland,63,"70,598","34,407","36,191"
Scotland,64,"70,880","34,560","36,320"
Scotland,65,"53,361","26,007","27,354"
Scotland,66,"55,060","26,475","28,585"
Scotland,67,"54,012","25,832","28,180"
Scotland,68,"51,495","24,202","27,293"
Scotland,69,"47,270","22,155","25,115"
Scotland,70,"45,155","20,784","24,371"
Scotland,71,"46,168","21,348","24,820"
Scotland,72,"44,637","20,399","24,238"
Scotland,73,"43,297","19,783","23,514"
Scotland,74,"41,337","18,377","22,960"
Scotland,75,"39,583","17,408","22,175"
Scotland,76,"37,832","16,522","21,310"
Scotland,77,"35,211","15,309","19,902"
Scotland,78,"33,146","14,052","19,094"
Scotland,79,"32,342","13,527","18,815"
Scotland,80,"30,065","12,226","17,839"
Scotland,81,"27,162","10,754","16,408"
Scotland,82,"25,170","9,818","15,352"
Scotland,83,"21,669","8,305","13,364"
Scotland,84,"20,459","7,489","12,970"
Scotland,85 to 89,"71,507","24,196","47,311"
Scotland,90 to 94,"26,906","7,291","19,615"
Scotland,95 and over,"7,490","1,480","6,010"
Ayrshire & Arran,All people,"373,712","178,925","194,787"
Ayrshire & Arran,Under 1,"3,927","1,982","1,945"
Ayrshire & Arran,1,"3,905","1,963","1,942"
Ayrshire & Arran,2,"3,954","2,026","1,928"
Ayrshire & Arran,3,"3,906","2,003","1,903"
Ayrshire & Arran,4,"4,002","2,058","1,944"
Ayrshire & Arran,5,"3,825","1,941","1,884"
Ayrshire & Arran,6,"3,863","1,944","1,919"
Ayrshire & Arran,7,"3,811","1,951","1,860"
Ayrshire & Arran,8,"3,702","1,862","1,840"
Ayrshire & Arran,9,"3,835","1,970","1,865"
Ayrshire & Arran,10,"3,941","1,990","1,951"
Ayrshire & Arran,11,"4,053","2,094","1,959"
Ayrshire & Arran,12,"4,258","2,166","2,092"
Ayrshire & Arran,13,"4,406","2,227","2,179"
Ayrshire & Arran,14,"4,485","2,326","2,159"
Ayrshire & Arran,15,"4,589","2,318","2,271"
Ayrshire & Arran,16,"4,686","2,445","2,241"
Ayrshire & Arran,17,"4,792","2,405","2,387"
Ayrshire & Arran,18,"4,455","2,265","2,190"
Ayrshire & Arran,19,"4,405","2,258","2,147"
Ayrshire & Arran,20,"4,418","2,241","2,177"
Ayrshire & Arran,21,"4,150","2,104","2,046"
Ayrshire & Arran,22,"4,310","2,163","2,147"
Ayrshire & Arran,23,"4,449","2,238","2,211"
Ayrshire & Arran,24,"4,283","2,080","2,203"
Ayrshire & Arran,25,"4,097","1,955","2,142"
Ayrshire & Arran,26,"3,969","1,923","2,046"
Ayrshire & Arran,27,"3,854","1,818","2,036"
Ayrshire & Arran,28,"3,806","1,876","1,930"
Ayrshire & Arran,29,"4,096","1,936","2,160"
Ayrshire & Arran,30,"4,047","1,945","2,102"
Ayrshire & Arran,31,"3,965","1,901","2,064"
Ayrshire & Arran,32,"3,883","1,890","1,993"
Ayrshire & Arran,33,"3,607","1,686","1,921"
Ayrshire & Arran,34,"3,611","1,718","1,893"
Ayrshire & Arran,35,"3,991","1,829","2,162"
Ayrshire & Arran,36,"4,259","2,023","2,236"
Ayrshire & Arran,37,"4,379","2,121","2,258"
Ayrshire & Arran,38,"4,800","2,301","2,499"
Ayrshire & Arran,39,"5,123","2,432","2,691"
Ayrshire & Arran,40,"5,346","2,479","2,867"
Ayrshire & Arran,41,"5,428","2,561","2,867"
Ayrshire & Arran,42,"5,562","2,696","2,866"
Ayrshire & Arran,43,"5,683","2,661","3,022"
Ayrshire & Arran,44,"5,771","2,708","3,063"
Ayrshire & Arran,45,"5,790","2,753","3,037"
Ayrshire & Arran,46,"6,122","2,905","3,217"
Ayrshire & Arran,47,"5,890","2,830","3,060"
Ayrshire & Arran,48,"5,935","2,761","3,174"
Ayrshire & Arran,49,"5,650","2,776","2,874"
Ayrshire & Arran,50,"5,683","2,800","2,883"
Ayrshire & Arran,51,"5,385","2,602","2,783"
Ayrshire & Arran,52,"5,664","2,778","2,886"
Ayrshire & Arran,53,"5,437","2,630","2,807"
Ayrshire & Arran,54,"5,262","2,512","2,750"
Ayrshire & Arran,55,"5,108","2,414","2,694"
Ayrshire & Arran,56,"5,029","2,449","2,580"
Ayrshire & Arran,57,"5,030","2,419","2,611"
Ayrshire & Arran,58,"5,071","2,401","2,670"
Ayrshire & Arran,59,"4,834","2,314","2,520"
Ayrshire & Arran,60,"4,946","2,461","2,485"
Ayrshire & Arran,61,"5,026","2,491","2,535"
Ayrshire & Arran,62,"5,305","2,544","2,761"
Ayrshire & Arran,63,"5,642","2,755","2,887"
Ayrshire & Arran,64,"5,751","2,732","3,019"
Ayrshire & Arran,65,"4,345","2,089","2,256"
Ayrshire & Arran,66,"4,622","2,218","2,404"
Ayrshire & Arran,67,"4,522","2,215","2,307"
Ayrshire & Arran,68,"4,232","1,997","2,235"
Ayrshire & Arran,69,"3,929","1,795","2,134"
Ayrshire & Arran,70,"3,671","1,699","1,972"
Ayrshire & Arran,71,"3,811","1,820","1,991"
Ayrshire & Arran,72,"3,560","1,664","1,896"
Ayrshire & Arran,73,"3,489","1,614","1,875"
Ayrshire & Arran,74,"3,354","1,481","1,873"
Ayrshire & Arran,75,"3,127","1,421","1,706"
Ayrshire & Arran,76,"2,993","1,333","1,660"
Ayrshire & Arran,77,"2,865","1,257","1,608"
Ayrshire & Arran,78,"2,698","1,166","1,532"
Ayrshire & Arran,79,"2,564","1,093","1,471"
Ayrshire & Arran,80,"2,313",976,"1,337"
Ayrshire & Arran,81,"2,062",791,"1,271"
Ayrshire & Arran,82,"1,830",706,"1,124"
Ayrshire & Arran,83,"1,656",662,994
Ayrshire & Arran,84,"1,594",590,"1,004"
Ayrshire & Arran,85 to 89,"5,486","1,879","3,607"
Ayrshire & Arran,90 to 94,"2,153",543,"1,610"
Ayrshire & Arran,95 and over,589,110,479
Borders,All people,"113,870","55,160","58,710"
Borders,Under 1,"1,104",564,540
Borders,1,"1,099",571,528
Borders,2,"1,153",582,571
Borders,3,"1,188",568,620
Borders,4,"1,168",588,580
Borders,5,"1,124",593,531
Borders,6,"1,216",612,604
Borders,7,"1,182",630,552
Borders,8,"1,154",580,574
Borders,9,"1,229",598,631
Borders,10,"1,188",616,572
Borders,11,"1,259",615,644
Borders,12,"1,247",670,577
Borders,13,"1,313",648,665
Borders,14,"1,328",685,643
Borders,15,"1,389",728,661
Borders,16,"1,327",663,664
Borders,17,"1,360",684,676
Borders,18,"1,205",598,607
Borders,19,"1,128",542,586
Borders,20,"1,098",537,561
Borders,21,"1,096",543,553
Borders,22,"1,019",509,510
Borders,23,"1,079",550,529
Borders,24,980,466,514
Borders,25,"1,062",535,527
Borders,26,955,474,481
Borders,27,988,473,515
Borders,28,995,447,548
Borders,29,"1,029",487,542
Borders,30,"1,098",539,559
Borders,31,"1,040",551,489
Borders,32,988,477,511
Borders,33,992,469,523
Borders,34,963,478,485
Borders,35,"1,151",550,601
Borders,36,"1,301",619,682
Borders,37,"1,239",577,662
Borders,38,"1,409",676,733
Borders,39,"1,634",806,828
Borders,40,"1,635",753,882
Borders,41,"1,640",799,841
Borders,42,"1,788",853,935
Borders,43,"1,751",886,865
Borders,44,"1,866",875,991
Borders,45,"1,772",858,914
Borders,46,"1,982","1,016",966
Borders,47,"1,878",891,987
Borders,48,"1,863",947,916
Borders,49,"1,753",887,866
Borders,50,"1,797",909,888
Borders,51,"1,757",867,890
Borders,52,"1,772",883,889
Borders,53,"1,719",807,912
Borders,54,"1,678",828,850
Borders,55,"1,646",809,837
Borders,56,"1,571",817,754
Borders,57,"1,617",784,833
Borders,58,"1,584",771,813
Borders,59,"1,568",769,799
Borders,60,"1,621",802,819
Borders,61,"1,693",832,861
Borders,62,"1,739",863,876
Borders,63,"1,922",973,949
Borders,64,"1,962",932,"1,030"
Borders,65,"1,466",747,719
Borders,66,"1,487",709,778
Borders,67,"1,449",678,771
Borders,68,"1,416",728,688
Borders,69,"1,233",567,666
Borders,70,"1,227",570,657
Borders,71,"1,221",581,640
Borders,72,"1,241",589,652
Borders,73,"1,141",543,598
Borders,74,"1,070",481,589
Borders,75,"1,027",495,532
Borders,76,960,429,531
Borders,77,894,386,508
Borders,78,883,383,500
Borders,79,804,352,452
Borders,80,817,381,436
Borders,81,731,324,407
Borders,82,667,279,388
Borders,83,608,259,349
Borders,84,508,197,311
Borders,85 to 89,"2,004",716,"1,288"
Borders,90 to 94,770,227,543
Borders,95 and over,195,30,165
Dumfries & Galloway,All people,"151,324","73,405","77,919"
Dumfries & Galloway,Under 1,"1,487",739,748
Dumfries & Galloway,1,"1,577",813,764
Dumfries & Galloway,2,"1,495",759,736
Dumfries & Galloway,3,"1,563",756,807
Dumfries & Galloway,4,"1,538",805,733
Dumfries & Galloway,5,"1,540",798,742
Dumfries & Galloway,6,"1,558",780,778
Dumfries & Galloway,7,"1,470",758,712
Dumfries & Galloway,8,"1,463",778,685
Dumfries & Galloway,9,"1,347",717,630
Dumfries & Galloway,10,"1,555",793,762
Dumfries & Galloway,11,"1,570",821,749
Dumfries & Galloway,12,"1,681",878,803
Dumfries & Galloway,13,"1,715",870,845
Dumfries & Galloway,14,"1,749",891,858
Dumfries & Galloway,15,"1,856",984,872
Dumfries & Galloway,16,"1,933",973,960
Dumfries & Galloway,17,"1,931",976,955
Dumfries & Galloway,18,"1,542",784,758
Dumfries & Galloway,19,"1,485",753,732
Dumfries & Galloway,20,"1,556",816,740
Dumfries & Galloway,21,"1,432",757,675
Dumfries & Galloway,22,"1,534",757,777
Dumfries & Galloway,23,"1,645",813,832
Dumfries & Galloway,24,"1,525",763,762
Dumfries & Galloway,25,"1,453",724,729
Dumfries & Galloway,26,"1,537",801,736
Dumfries & Galloway,27,"1,430",706,724
Dumfries & Galloway,28,"1,435",686,749
Dumfries & Galloway,29,"1,520",700,820
Dumfries & Galloway,30,"1,387",684,703
Dumfries & Galloway,31,"1,423",672,751
Dumfries & Galloway,32,"1,360",622,738
Dumfries & Galloway,33,"1,294",605,689
Dumfries & Galloway,34,"1,281",653,628
Dumfries & Galloway,35,"1,445",693,752
Dumfries & Galloway,36,"1,527",716,811
Dumfries & Galloway,37,"1,589",780,809
Dumfries & Galloway,38,"1,686",798,888
Dumfries & Galloway,39,"1,916",924,992
Dumfries & Galloway,40,"1,933",939,994
Dumfries & Galloway,41,"2,069",987,"1,082"
Dumfries & Galloway,42,"2,131",977,"1,154"
Dumfries & Galloway,43,"2,198","1,021","1,177"
Dumfries & Galloway,44,"2,279","1,093","1,186"
Dumfries & Galloway,45,"2,330","1,205","1,125"
Dumfries & Galloway,46,"2,447","1,149","1,298"
Dumfries & Galloway,47,"2,473","1,214","1,259"
Dumfries & Galloway,48,"2,388","1,140","1,248"
Dumfries & Galloway,49,"2,357","1,137","1,220"
Dumfries & Galloway,50,"2,365","1,161","1,204"
Dumfries & Galloway,51,"2,247","1,104","1,143"
Dumfries & Galloway,52,"2,218","1,071","1,147"
Dumfries & Galloway,53,"2,205","1,086","1,119"
Dumfries & Galloway,54,"2,145","1,054","1,091"
Dumfries & Galloway,55,"2,220","1,041","1,179"
Dumfries & Galloway,56,"2,153","1,077","1,076"
Dumfries & Galloway,57,"2,123","1,049","1,074"
Dumfries & Galloway,58,"2,133","1,027","1,106"
Dumfries & Galloway,59,"2,158","1,060","1,098"
Dumfries & Galloway,60,"2,218","1,107","1,111"
Dumfries & Galloway,61,"2,178","1,063","1,115"
Dumfries & Galloway,62,"2,300","1,173","1,127"
Dumfries & Galloway,63,"2,497","1,234","1,263"
Dumfries & Galloway,64,"2,479","1,217","1,262"
Dumfries & Galloway,65,"1,980",977,"1,003"
Dumfries & Galloway,66,"2,080",989,"1,091"
Dumfries & Galloway,67,"1,993",972,"1,021"
Dumfries & Galloway,68,"1,943",911,"1,032"
Dumfries & Galloway,69,"1,847",872,975
Dumfries & Galloway,70,"1,707",813,894
Dumfries & Galloway,71,"1,753",857,896
Dumfries & Galloway,72,"1,590",766,824
Dumfries & Galloway,73,"1,573",794,779
Dumfries & Galloway,74,"1,531",727,804
Dumfries & Galloway,75,"1,475",683,792
Dumfries & Galloway,76,"1,368",651,717
Dumfries & Galloway,77,"1,351",621,730
Dumfries & Galloway,78,"1,274",591,683
Dumfries & Galloway,79,"1,154",525,629
Dumfries & Galloway,80,"1,109",465,644
Dumfries & Galloway,81,997,432,565
Dumfries & Galloway,82,959,370,589
Dumfries & Galloway,83,766,310,456
Dumfries & Galloway,84,804,333,471
Dumfries & Galloway,85 to 89,"2,582",927,"1,655"
Dumfries & Galloway,90 to 94,961,282,679
Dumfries & Galloway,95 and over,253,55,198
Fife,All people,"365,198","176,943","188,255"
Fife,Under 1,"4,116","2,145","1,971"
Fife,1,"4,311","2,276","2,035"
Fife,2,"4,213","2,124","2,089"
Fife,3,"4,122","2,108","2,014"
Fife,4,"4,013","2,004","2,009"
Fife,5,"3,957","2,024","1,933"
Fife,6,"3,991","2,064","1,927"
Fife,7,"3,788","1,922","1,866"
Fife,8,"3,649","1,868","1,781"
Fife,9,"3,771","1,966","1,805"
Fife,10,"3,814","2,005","1,809"
Fife,11,"3,874","2,021","1,853"
Fife,12,"4,135","2,105","2,030"
Fife,13,"4,102","2,041","2,061"
Fife,14,"4,261","2,177","2,084"
Fife,15,"4,280","2,176","2,104"
Fife,16,"4,416","2,173","2,243"
Fife,17,"4,436","2,230","2,206"
Fife,18,"4,520","2,303","2,217"
Fife,19,"5,012","2,495","2,517"
Fife,20,"5,240","2,525","2,715"
Fife,21,"5,078","2,434","2,644"
Fife,22,"4,952","2,335","2,617"
Fife,23,"4,634","2,237","2,397"
Fife,24,"4,237","2,074","2,163"
Fife,25,"4,319","2,156","2,163"
Fife,26,"4,049","1,978","2,071"
Fife,27,"4,067","2,040","2,027"
Fife,28,"4,153","2,021","2,132"
Fife,29,"4,214","2,075","2,139"
Fife,30,"4,402","2,135","2,267"
Fife,31,"4,289","2,068","2,221"
Fife,32,"4,124","1,976","2,148"
Fife,33,"3,938","1,885","2,053"
Fife,34,"4,034","2,014","2,020"
Fife,35,"4,226","2,084","2,142"
Fife,36,"4,365","2,093","2,272"
Fife,37,"4,432","2,228","2,204"
Fife,38,"4,803","2,353","2,450"
Fife,39,"5,209","2,458","2,751"
Fife,40,"5,336","2,579","2,757"
Fife,41,"5,245","2,579","2,666"
Fife,42,"5,627","2,765","2,862"
Fife,43,"5,536","2,715","2,821"
Fife,44,"5,701","2,839","2,862"
Fife,45,"5,619","2,705","2,914"
Fife,46,"5,663","2,740","2,923"
Fife,47,"5,633","2,723","2,910"
Fife,48,"5,528","2,682","2,846"
Fife,49,"5,564","2,704","2,860"
Fife,50,"5,406","2,736","2,670"
Fife,51,"5,312","2,647","2,665"
Fife,52,"5,272","2,557","2,715"
Fife,53,"5,221","2,590","2,631"
Fife,54,"4,941","2,436","2,505"
Fife,55,"4,721","2,314","2,407"
Fife,56,"4,669","2,296","2,373"
Fife,57,"4,574","2,217","2,357"
Fife,58,"4,539","2,229","2,310"
Fife,59,"4,478","2,147","2,331"
Fife,60,"4,626","2,246","2,380"
Fife,61,"4,693","2,281","2,412"
Fife,62,"4,971","2,481","2,490"
Fife,63,"5,258","2,483","2,775"
Fife,64,"5,448","2,690","2,758"
Fife,65,"3,971","1,962","2,009"
Fife,66,"4,226","2,037","2,189"
Fife,67,"4,071","1,920","2,151"
Fife,68,"3,783","1,800","1,983"
Fife,69,"3,478","1,706","1,772"
Fife,70,"3,143","1,486","1,657"
Fife,71,"3,310","1,515","1,795"
Fife,72,"3,168","1,487","1,681"
Fife,73,"3,012","1,401","1,611"
Fife,74,"3,019","1,352","1,667"
Fife,75,"2,862","1,281","1,581"
Fife,76,"2,613","1,141","1,472"
Fife,77,"2,477","1,113","1,364"
Fife,78,"2,280","1,012","1,268"
Fife,79,"2,193",972,"1,221"
Fife,80,"2,065",833,"1,232"
Fife,81,"1,887",748,"1,139"
Fife,82,"1,756",729,"1,027"
Fife,83,"1,542",626,916
Fife,84,"1,480",585,895
Fife,85 to 89,"5,188","1,781","3,407"
Fife,90 to 94,"1,977",574,"1,403"
Fife,95 and over,570,105,465
Forth Valley,All people,"297,636","144,475","153,161"
Forth Valley,Under 1,"3,229","1,633","1,596"
Forth Valley,1,"3,421","1,706","1,715"
Forth Valley,2,"3,370","1,667","1,703"
Forth Valley,3,"3,353","1,695","1,658"
Forth Valley,4,"3,310","1,731","1,579"
Forth Valley,5,"3,307","1,658","1,649"
Forth Valley,6,"3,247","1,688","1,559"
Forth Valley,7,"3,220","1,673","1,547"
Forth Valley,8,"3,083","1,599","1,484"
Forth Valley,9,"3,052","1,599","1,453"
Forth Valley,10,"3,254","1,626","1,628"
Forth Valley,11,"3,418","1,740","1,678"
Forth Valley,12,"3,566","1,840","1,726"
Forth Valley,13,"3,612","1,858","1,754"
Forth Valley,14,"3,660","1,889","1,771"
Forth Valley,15,"3,630","1,873","1,757"
Forth Valley,16,"3,657","1,845","1,812"
Forth Valley,17,"3,599","1,835","1,764"
Forth Valley,18,"3,984","2,032","1,952"
Forth Valley,19,"4,293","2,162","2,131"
Forth Valley,20,"4,225","2,157","2,068"
Forth Valley,21,"3,866","1,859","2,007"
Forth Valley,22,"3,560","1,779","1,781"
Forth Valley,23,"3,851","1,885","1,966"
Forth Valley,24,"3,393","1,670","1,723"
Forth Valley,25,"3,413","1,676","1,737"
Forth Valley,26,"3,455","1,677","1,778"
Forth Valley,27,"3,296","1,636","1,660"
Forth Valley,28,"3,418","1,616","1,802"
Forth Valley,29,"3,500","1,654","1,846"
Forth Valley,30,"3,498","1,702","1,796"
Forth Valley,31,"3,592","1,769","1,823"
Forth Valley,32,"3,516","1,713","1,803"
Forth Valley,33,"3,349","1,626","1,723"
Forth Valley,34,"3,392","1,640","1,752"
Forth Valley,35,"3,629","1,761","1,868"
Forth Valley,36,"3,776","1,832","1,944"
Forth Valley,37,"3,879","1,873","2,006"
Forth Valley,38,"4,168","1,921","2,247"
Forth Valley,39,"4,607","2,263","2,344"
Forth Valley,40,"4,541","2,203","2,338"
Forth Valley,41,"4,521","2,257","2,264"
Forth Valley,42,"4,820","2,370","2,450"
Forth Valley,43,"4,861","2,376","2,485"
Forth Valley,44,"4,776","2,334","2,442"
Forth Valley,45,"4,812","2,321","2,491"
Forth Valley,46,"4,950","2,475","2,475"
Forth Valley,47,"4,804","2,366","2,438"
Forth Valley,48,"4,621","2,279","2,342"
Forth Valley,49,"4,552","2,197","2,355"
Forth Valley,50,"4,528","2,252","2,276"
Forth Valley,51,"4,254","2,130","2,124"
Forth Valley,52,"4,230","2,096","2,134"
Forth Valley,53,"4,092","2,032","2,060"
Forth Valley,54,"3,950","1,960","1,990"
Forth Valley,55,"3,749","1,823","1,926"
Forth Valley,56,"3,664","1,739","1,925"
Forth Valley,57,"3,630","1,751","1,879"
Forth Valley,58,"3,572","1,805","1,767"
Forth Valley,59,"3,587","1,734","1,853"
Forth Valley,60,"3,712","1,769","1,943"
Forth Valley,61,"3,796","1,856","1,940"
Forth Valley,62,"3,748","1,864","1,884"
Forth Valley,63,"4,012","1,968","2,044"
Forth Valley,64,"4,163","2,034","2,129"
Forth Valley,65,"2,985","1,480","1,505"
Forth Valley,66,"3,149","1,494","1,655"
Forth Valley,67,"3,144","1,533","1,611"
Forth Valley,68,"2,941","1,355","1,586"
Forth Valley,69,"2,703","1,231","1,472"
Forth Valley,70,"2,516","1,163","1,353"
Forth Valley,71,"2,579","1,182","1,397"
Forth Valley,72,"2,587","1,183","1,404"
Forth Valley,73,"2,450","1,121","1,329"
Forth Valley,74,"2,408","1,111","1,297"
Forth Valley,75,"2,189",947,"1,242"
Forth Valley,76,"2,081",954,"1,127"
Forth Valley,77,"1,889",870,"1,019"
Forth Valley,78,"1,798",799,999
Forth Valley,79,"1,689",683,"1,006"
Forth Valley,80,"1,594",685,909
Forth Valley,81,"1,439",560,879
Forth Valley,82,"1,336",525,811
Forth Valley,83,"1,097",455,642
Forth Valley,84,"1,026",410,616
Forth Valley,85 to 89,"3,703","1,223","2,480"
Forth Valley,90 to 94,"1,380",384,996
Forth Valley,95 and over,360,78,282
Grampian,All people,"569,061","281,332","287,729"
Grampian,Under 1,"6,336","3,216","3,120"
Grampian,1,"6,728","3,491","3,237"
Grampian,2,"6,396","3,253","3,143"
Grampian,3,"6,322","3,281","3,041"
Grampian,4,"6,114","3,075","3,039"
Grampian,5,"5,765","2,961","2,804"
Grampian,6,"5,747","2,926","2,821"
Grampian,7,"5,503","2,805","2,698"
Grampian,8,"5,590","2,881","2,709"
Grampian,9,"5,462","2,821","2,641"
Grampian,10,"5,591","2,910","2,681"
Grampian,11,"6,052","3,149","2,903"
Grampian,12,"6,026","3,086","2,940"
Grampian,13,"6,262","3,262","3,000"
Grampian,14,"6,254","3,288","2,966"
Grampian,15,"6,420","3,363","3,057"
Grampian,16,"6,749","3,438","3,311"
Grampian,17,"6,847","3,530","3,317"
Grampian,18,"7,535","3,663","3,872"
Grampian,19,"8,351","4,162","4,189"
Grampian,20,"8,528","4,364","4,164"
Grampian,21,"8,269","4,128","4,141"
Grampian,22,"8,148","4,188","3,960"
Grampian,23,"8,272","4,220","4,052"
Grampian,24,"8,155","4,164","3,991"
Grampian,25,"8,118","4,064","4,054"
Grampian,26,"7,999","3,944","4,055"
Grampian,27,"7,831","3,934","3,897"
Grampian,28,"7,807","3,905","3,902"
Grampian,29,"7,981","3,990","3,991"
Grampian,30,"7,802","4,005","3,797"
Grampian,31,"7,691","3,959","3,732"
Grampian,32,"7,196","3,733","3,463"
Grampian,33,"6,950","3,511","3,439"
Grampian,34,"7,021","3,604","3,417"
Grampian,35,"7,162","3,633","3,529"
Grampian,36,"7,135","3,567","3,568"
Grampian,37,"7,540","3,880","3,660"
Grampian,38,"7,793","3,900","3,893"
Grampian,39,"8,276","4,094","4,182"
Grampian,40,"8,400","4,103","4,297"
Grampian,41,"8,035","3,960","4,075"
Grampian,42,"8,534","4,243","4,291"
Grampian,43,"8,431","4,268","4,163"
Grampian,44,"8,530","4,219","4,311"
Grampian,45,"8,571","4,155","4,416"
Grampian,46,"8,751","4,304","4,447"
Grampian,47,"8,860","4,326","4,534"
Grampian,48,"8,712","4,354","4,358"
Grampian,49,"8,394","4,171","4,223"
Grampian,50,"8,137","4,071","4,066"
Grampian,51,"7,898","3,952","3,946"
Grampian,52,"7,982","4,004","3,978"
Grampian,53,"7,891","3,997","3,894"
Grampian,54,"7,747","3,885","3,862"
Grampian,55,"7,586","3,782","3,804"
Grampian,56,"7,428","3,731","3,697"
Grampian,57,"7,249","3,679","3,570"
Grampian,58,"6,917","3,469","3,448"
Grampian,59,"7,003","3,491","3,512"
Grampian,60,"6,922","3,522","3,400"
Grampian,61,"6,981","3,467","3,514"
Grampian,62,"7,200","3,697","3,503"
Grampian,63,"7,585","3,810","3,775"
Grampian,64,"7,677","3,771","3,906"
Grampian,65,"5,468","2,695","2,773"
Grampian,66,"5,480","2,612","2,868"
Grampian,67,"5,243","2,579","2,664"
Grampian,68,"5,227","2,508","2,719"
Grampian,69,"4,828","2,271","2,557"
Grampian,70,"4,468","2,098","2,370"
Grampian,71,"4,709","2,228","2,481"
Grampian,72,"4,427","2,063","2,364"
Grampian,73,"4,263","2,078","2,185"
Grampian,74,"4,081","1,855","2,226"
Grampian,75,"3,960","1,795","2,165"
Grampian,76,"3,796","1,689","2,107"
Grampian,77,"3,628","1,632","1,996"
Grampian,78,"3,370","1,442","1,928"
Grampian,79,"3,222","1,369","1,853"
Grampian,80,"3,071","1,268","1,803"
Grampian,81,"2,712","1,088","1,624"
Grampian,82,"2,574","1,026","1,548"
Grampian,83,"2,337",886,"1,451"
Grampian,84,"2,096",797,"1,299"
Grampian,85 to 89,"7,409","2,604","4,805"
Grampian,90 to 94,"2,807",830,"1,977"
Grampian,95 and over,740,140,600
Greater Glasgow & Clyde,All people,"1,213,408","583,126","630,282"
Greater Glasgow & Clyde,Under 1,"13,847","7,104","6,743"
Greater Glasgow & Clyde,1,"13,624","6,907","6,717"
Greater Glasgow & Clyde,2,"13,344","6,866","6,478"
Greater Glasgow & Clyde,3,"13,404","6,864","6,540"
Greater Glasgow & Clyde,4,"12,709","6,420","6,289"
Greater Glasgow & Clyde,5,"12,428","6,387","6,041"
Greater Glasgow & Clyde,6,"12,520","6,393","6,127"
Greater Glasgow & Clyde,7,"11,958","6,159","5,799"
Greater Glasgow & Clyde,8,"11,587","5,835","5,752"
Greater Glasgow & Clyde,9,"11,813","5,917","5,896"
Greater Glasgow & Clyde,10,"12,501","6,421","6,080"
Greater Glasgow & Clyde,11,"12,894","6,603","6,291"
Greater Glasgow & Clyde,12,"12,963","6,697","6,266"
Greater Glasgow & Clyde,13,"13,532","6,945","6,587"
Greater Glasgow & Clyde,14,"13,707","7,068","6,639"
Greater Glasgow & Clyde,15,"14,062","7,319","6,743"
Greater Glasgow & Clyde,16,"13,633","6,955","6,678"
Greater Glasgow & Clyde,17,"14,524","7,546","6,978"
Greater Glasgow & Clyde,18,"17,107","8,504","8,603"
Greater Glasgow & Clyde,19,"19,307","9,479","9,828"
Greater Glasgow & Clyde,20,"18,562","9,207","9,355"
Greater Glasgow & Clyde,21,"18,514","9,210","9,304"
Greater Glasgow & Clyde,22,"19,134","9,424","9,710"
Greater Glasgow & Clyde,23,"19,169","9,339","9,830"
Greater Glasgow & Clyde,24,"18,384","9,102","9,282"
Greater Glasgow & Clyde,25,"18,315","9,197","9,118"
Greater Glasgow & Clyde,26,"17,844","8,777","9,067"
Greater Glasgow & Clyde,27,"17,404","8,621","8,783"
Greater Glasgow & Clyde,28,"17,541","8,622","8,919"
Greater Glasgow & Clyde,29,"17,658","8,769","8,889"
Greater Glasgow & Clyde,30,"17,750","8,707","9,043"
Greater Glasgow & Clyde,31,"16,787","8,215","8,572"
Greater Glasgow & Clyde,32,"15,865","7,786","8,079"
Greater Glasgow & Clyde,33,"14,833","7,280","7,553"
Greater Glasgow & Clyde,34,"14,358","7,064","7,294"
Greater Glasgow & Clyde,35,"15,064","7,319","7,745"
Greater Glasgow & Clyde,36,"14,833","7,212","7,621"
Greater Glasgow & Clyde,37,"15,290","7,606","7,684"
Greater Glasgow & Clyde,38,"15,989","7,747","8,242"
Greater Glasgow & Clyde,39,"17,020","8,246","8,774"
Greater Glasgow & Clyde,40,"17,791","8,445","9,346"
Greater Glasgow & Clyde,41,"17,518","8,378","9,140"
Greater Glasgow & Clyde,42,"18,302","8,704","9,598"
Greater Glasgow & Clyde,43,"18,685","8,924","9,761"
Greater Glasgow & Clyde,44,"18,534","8,983","9,551"
Greater Glasgow & Clyde,45,"18,735","9,057","9,678"
Greater Glasgow & Clyde,46,"19,214","9,194","10,020"
Greater Glasgow & Clyde,47,"19,036","8,942","10,094"
Greater Glasgow & Clyde,48,"19,026","9,236","9,790"
Greater Glasgow & Clyde,49,"18,775","9,031","9,744"
Greater Glasgow & Clyde,50,"18,227","8,695","9,532"
Greater Glasgow & Clyde,51,"17,258","8,389","8,869"
Greater Glasgow & Clyde,52,"17,374","8,408","8,966"
Greater Glasgow & Clyde,53,"16,803","8,105","8,698"
Greater Glasgow & Clyde,54,"16,260","7,869","8,391"
Greater Glasgow & Clyde,55,"15,641","7,615","8,026"
Greater Glasgow & Clyde,56,"14,952","7,288","7,664"
Greater Glasgow & Clyde,57,"14,274","6,996","7,278"
Greater Glasgow & Clyde,58,"13,813","6,796","7,017"
Greater Glasgow & Clyde,59,"13,287","6,563","6,724"
Greater Glasgow & Clyde,60,"13,353","6,559","6,794"
Greater Glasgow & Clyde,61,"13,252","6,436","6,816"
Greater Glasgow & Clyde,62,"13,467","6,507","6,960"
Greater Glasgow & Clyde,63,"14,169","6,787","7,382"
Greater Glasgow & Clyde,64,"13,959","6,818","7,141"
Greater Glasgow & Clyde,65,"10,899","5,252","5,647"
Greater Glasgow & Clyde,66,"11,179","5,389","5,790"
Greater Glasgow & Clyde,67,"11,091","5,157","5,934"
Greater Glasgow & Clyde,68,"10,491","4,889","5,602"
Greater Glasgow & Clyde,69,"9,605","4,479","5,126"
Greater Glasgow & Clyde,70,"9,556","4,260","5,296"
Greater Glasgow & Clyde,71,"9,696","4,297","5,399"
Greater Glasgow & Clyde,72,"9,532","4,151","5,381"
Greater Glasgow & Clyde,73,"9,409","4,101","5,308"
Greater Glasgow & Clyde,74,"8,954","3,871","5,083"
Greater Glasgow & Clyde,75,"8,660","3,658","5,002"
Greater Glasgow & Clyde,76,"8,491","3,559","4,932"
Greater Glasgow & Clyde,77,"7,618","3,060","4,558"
Greater Glasgow & Clyde,78,"7,334","2,854","4,480"
Greater Glasgow & Clyde,79,"7,278","2,921","4,357"
Greater Glasgow & Clyde,80,"6,692","2,543","4,149"
Greater Glasgow & Clyde,81,"5,923","2,236","3,687"
Greater Glasgow & Clyde,82,"5,566","2,052","3,514"
Greater Glasgow & Clyde,83,"4,686","1,659","3,027"
Greater Glasgow & Clyde,84,"4,355","1,461","2,894"
Greater Glasgow & Clyde,85 to 89,"15,438","4,968","10,470"
Greater Glasgow & Clyde,90 to 94,"5,897","1,462","4,435"
Greater Glasgow & Clyde,95 and over,"1,575",283,"1,292"
Highland,All people,"320,298","156,611","163,687"
Highland,Under 1,"3,224","1,640","1,584"
Highland,1,"3,296","1,678","1,618"
Highland,2,"3,488","1,808","1,680"
Highland,3,"3,437","1,773","1,664"
Highland,4,"3,367","1,728","1,639"
Highland,5,"3,307","1,718","1,589"
Highland,6,"3,413","1,754","1,659"
Highland,7,"3,360","1,723","1,637"
Highland,8,"3,279","1,651","1,628"
Highland,9,"3,361","1,705","1,656"
Highland,10,"3,495","1,833","1,662"
Highland,11,"3,387","1,755","1,632"
Highland,12,"3,854","2,026","1,828"
Highland,13,"3,858","2,017","1,841"
Highland,14,"3,757","1,960","1,797"
Highland,15,"3,950","2,024","1,926"
Highland,16,"3,973","2,051","1,922"
Highland,17,"4,047","2,035","2,012"
Highland,18,"3,253","1,734","1,519"
Highland,19,"3,125","1,719","1,406"
Highland,20,"3,097","1,674","1,423"
Highland,21,"2,954","1,609","1,345"
Highland,22,"3,240","1,722","1,518"
Highland,23,"3,377","1,777","1,600"
Highland,24,"3,341","1,766","1,575"
Highland,25,"3,374","1,740","1,634"
Highland,26,"3,382","1,707","1,675"
Highland,27,"3,288","1,645","1,643"
Highland,28,"3,414","1,654","1,760"
Highland,29,"3,543","1,727","1,816"
Highland,30,"3,595","1,823","1,772"
Highland,31,"3,351","1,664","1,687"
Highland,32,"3,268","1,630","1,638"
Highland,33,"3,066","1,517","1,549"
Highland,34,"3,114","1,468","1,646"
Highland,35,"3,446","1,668","1,778"
Highland,36,"3,460","1,687","1,773"
Highland,37,"3,623","1,670","1,953"
Highland,38,"3,907","1,894","2,013"
Highland,39,"4,264","1,965","2,299"
Highland,40,"4,315","2,021","2,294"
Highland,41,"4,505","2,067","2,438"
Highland,42,"4,496","2,126","2,370"
Highland,43,"4,822","2,388","2,434"
Highland,44,"4,950","2,447","2,503"
Highland,45,"4,968","2,462","2,506"
Highland,46,"5,272","2,469","2,803"
Highland,47,"5,118","2,431","2,687"
Highland,48,"5,067","2,509","2,558"
Highland,49,"4,959","2,497","2,462"
Highland,50,"5,026","2,485","2,541"
Highland,51,"4,799","2,391","2,408"
Highland,52,"4,837","2,320","2,517"
Highland,53,"4,685","2,283","2,402"
Highland,54,"4,673","2,357","2,316"
Highland,55,"4,644","2,269","2,375"
Highland,56,"4,552","2,289","2,263"
Highland,57,"4,583","2,236","2,347"
Highland,58,"4,571","2,184","2,387"
Highland,59,"4,590","2,273","2,317"
Highland,60,"4,560","2,303","2,257"
Highland,61,"4,611","2,218","2,393"
Highland,62,"4,836","2,445","2,391"
Highland,63,"5,127","2,480","2,647"
Highland,64,"5,021","2,474","2,547"
Highland,65,"3,946","1,968","1,978"
Highland,66,"3,982","2,000","1,982"
Highland,67,"4,072","2,019","2,053"
Highland,68,"3,839","1,911","1,928"
Highland,69,"3,348","1,607","1,741"
Highland,70,"3,241","1,502","1,739"
Highland,71,"3,284","1,562","1,722"
Highland,72,"3,093","1,443","1,650"
Highland,73,"2,977","1,389","1,588"
Highland,74,"2,842","1,308","1,534"
Highland,75,"2,659","1,196","1,463"
Highland,76,"2,571","1,130","1,441"
Highland,77,"2,368","1,088","1,280"
Highland,78,"2,224",959,"1,265"
Highland,79,"2,246",982,"1,264"
Highland,80,"1,969",831,"1,138"
Highland,81,"1,870",810,"1,060"
Highland,82,"1,761",719,"1,042"
Highland,83,"1,442",588,854
Highland,84,"1,294",474,820
Highland,85 to 89,"4,912","1,749","3,163"
Highland,90 to 94,"1,884",491,"1,393"
Highland,95 and over,552,122,430
Lanarkshire,All people,"574,637","277,505","297,132"
Lanarkshire,Under 1,"6,443","3,284","3,159"
Lanarkshire,1,"6,733","3,367","3,366"
Lanarkshire,2,"6,640","3,318","3,322"
Lanarkshire,3,"6,695","3,481","3,214"
Lanarkshire,4,"6,741","3,432","3,309"
Lanarkshire,5,"6,395","3,296","3,099"
Lanarkshire,6,"6,500","3,330","3,170"
Lanarkshire,7,"6,384","3,256","3,128"
Lanarkshire,8,"6,188","3,087","3,101"
Lanarkshire,9,"6,258","3,154","3,104"
Lanarkshire,10,"6,433","3,207","3,226"
Lanarkshire,11,"6,653","3,398","3,255"
Lanarkshire,12,"6,893","3,540","3,353"
Lanarkshire,13,"6,945","3,556","3,389"
Lanarkshire,14,"7,211","3,664","3,547"
Lanarkshire,15,"7,142","3,747","3,395"
Lanarkshire,16,"7,067","3,643","3,424"
Lanarkshire,17,"7,386","3,808","3,578"
Lanarkshire,18,"7,120","3,665","3,455"
Lanarkshire,19,"7,407","3,751","3,656"
Lanarkshire,20,"7,045","3,649","3,396"
Lanarkshire,21,"6,763","3,469","3,294"
Lanarkshire,22,"6,793","3,370","3,423"
Lanarkshire,23,"7,029","3,548","3,481"
Lanarkshire,24,"6,824","3,315","3,509"
Lanarkshire,25,"6,957","3,398","3,559"
Lanarkshire,26,"6,879","3,297","3,582"
Lanarkshire,27,"7,023","3,400","3,623"
Lanarkshire,28,"7,008","3,422","3,586"
Lanarkshire,29,"7,419","3,591","3,828"
Lanarkshire,30,"7,426","3,641","3,785"
Lanarkshire,31,"7,299","3,594","3,705"
Lanarkshire,32,"6,880","3,350","3,530"
Lanarkshire,33,"6,437","3,123","3,314"
Lanarkshire,34,"6,571","3,227","3,344"
Lanarkshire,35,"7,115","3,521","3,594"
Lanarkshire,36,"7,187","3,517","3,670"
Lanarkshire,37,"7,475","3,666","3,809"
Lanarkshire,38,"7,951","3,905","4,046"
Lanarkshire,39,"8,546","4,082","4,464"
Lanarkshire,40,"8,643","4,184","4,459"
Lanarkshire,41,"8,909","4,336","4,573"
Lanarkshire,42,"9,202","4,452","4,750"
Lanarkshire,43,"9,351","4,486","4,865"
Lanarkshire,44,"9,232","4,535","4,697"
Lanarkshire,45,"9,149","4,433","4,716"
Lanarkshire,46,"9,582","4,657","4,925"
Lanarkshire,47,"9,285","4,517","4,768"
Lanarkshire,48,"9,287","4,516","4,771"
Lanarkshire,49,"9,070","4,453","4,617"
Lanarkshire,50,"8,730","4,265","4,465"
Lanarkshire,51,"8,526","4,140","4,386"
Lanarkshire,52,"8,389","4,047","4,342"
Lanarkshire,53,"8,230","3,968","4,262"
Lanarkshire,54,"7,977","3,884","4,093"
Lanarkshire,55,"7,679","3,715","3,964"
Lanarkshire,56,"7,436","3,467","3,969"
Lanarkshire,57,"7,388","3,677","3,711"
Lanarkshire,58,"7,128","3,431","3,697"
Lanarkshire,59,"6,819","3,321","3,498"
Lanarkshire,60,"6,777","3,308","3,469"
Lanarkshire,61,"6,878","3,366","3,512"
Lanarkshire,62,"6,924","3,318","3,606"
Lanarkshire,63,"7,420","3,585","3,835"
Lanarkshire,64,"7,247","3,504","3,743"
Lanarkshire,65,"5,641","2,706","2,935"
Lanarkshire,66,"5,919","2,813","3,106"
Lanarkshire,67,"5,804","2,733","3,071"
Lanarkshire,68,"5,579","2,501","3,078"
Lanarkshire,69,"5,099","2,398","2,701"
Lanarkshire,70,"4,888","2,220","2,668"
Lanarkshire,71,"4,941","2,224","2,717"
Lanarkshire,72,"4,755","2,175","2,580"
Lanarkshire,73,"4,678","2,060","2,618"
Lanarkshire,74,"4,352","1,857","2,495"
Lanarkshire,75,"4,175","1,718","2,457"
Lanarkshire,76,"3,863","1,651","2,212"
Lanarkshire,77,"3,662","1,557","2,105"
Lanarkshire,78,"3,489","1,517","1,972"
Lanarkshire,79,"3,165","1,275","1,890"
Lanarkshire,80,"3,044","1,211","1,833"
Lanarkshire,81,"2,743","1,031","1,712"
Lanarkshire,82,"2,430",928,"1,502"
Lanarkshire,83,"2,079",762,"1,317"
Lanarkshire,84,"1,978",718,"1,260"
Lanarkshire,85 to 89,"6,358","2,093","4,265"
Lanarkshire,90 to 94,"2,246",595,"1,651"
Lanarkshire,95 and over,630,128,502
Lothian,All people,"834,350","405,702","428,648"
Lothian,Under 1,"10,104","5,077","5,027"
Lothian,1,"9,852","5,020","4,832"
Lothian,2,"9,839","4,958","4,881"
Lothian,3,"9,679","4,945","4,734"
Lothian,4,"9,017","4,616","4,401"
Lothian,5,"8,755","4,519","4,236"
Lothian,6,"8,391","4,390","4,001"
Lothian,7,"8,253","4,239","4,014"
Lothian,8,"7,885","4,063","3,822"
Lothian,9,"8,137","4,158","3,979"
Lothian,10,"8,232","4,142","4,090"
Lothian,11,"8,352","4,181","4,171"
Lothian,12,"8,662","4,435","4,227"
Lothian,13,"8,686","4,408","4,278"
Lothian,14,"8,907","4,625","4,282"
Lothian,15,"9,057","4,750","4,307"
Lothian,16,"9,046","4,754","4,292"
Lothian,17,"9,411","4,778","4,633"
Lothian,18,"10,848","5,479","5,369"
Lothian,19,"12,847","6,163","6,684"
Lothian,20,"14,081","6,961","7,120"
Lothian,21,"13,495","6,435","7,060"
Lothian,22,"13,892","6,771","7,121"
Lothian,23,"13,769","6,706","7,063"
Lothian,24,"13,012","6,230","6,782"
Lothian,25,"13,069","6,429","6,640"
Lothian,26,"13,237","6,424","6,813"
Lothian,27,"12,812","6,329","6,483"
Lothian,28,"13,080","6,339","6,741"
Lothian,29,"13,149","6,269","6,880"
Lothian,30,"12,536","6,144","6,392"
Lothian,31,"12,590","6,226","6,364"
Lothian,32,"11,830","5,994","5,836"
Lothian,33,"11,032","5,456","5,576"
Lothian,34,"11,105","5,590","5,515"
Lothian,35,"11,284","5,694","5,590"
Lothian,36,"11,394","5,663","5,731"
Lothian,37,"11,576","5,835","5,741"
Lothian,38,"11,843","5,956","5,887"
Lothian,39,"12,628","6,244","6,384"
Lothian,40,"12,240","6,030","6,210"
Lothian,41,"12,058","5,983","6,075"
Lothian,42,"12,390","6,050","6,340"
Lothian,43,"12,667","6,243","6,424"
Lothian,44,"12,557","6,217","6,340"
Lothian,45,"12,283","6,054","6,229"
Lothian,46,"12,882","6,476","6,406"
Lothian,47,"12,372","6,104","6,268"
Lothian,48,"12,694","6,340","6,354"
Lothian,49,"11,882","5,854","6,028"
Lothian,50,"11,872","5,833","6,039"
Lothian,51,"11,351","5,568","5,783"
Lothian,52,"11,138","5,460","5,678"
Lothian,53,"10,914","5,330","5,584"
Lothian,54,"10,556","5,260","5,296"
Lothian,55,"9,979","5,028","4,951"
Lothian,56,"9,594","4,754","4,840"
Lothian,57,"9,495","4,691","4,804"
Lothian,58,"9,196","4,447","4,749"
Lothian,59,"9,191","4,526","4,665"
Lothian,60,"9,122","4,415","4,707"
Lothian,61,"9,241","4,480","4,761"
Lothian,62,"9,327","4,517","4,810"
Lothian,63,"9,959","4,832","5,127"
Lothian,64,"9,984","4,847","5,137"
Lothian,65,"7,401","3,554","3,847"
Lothian,66,"7,585","3,670","3,915"
Lothian,67,"7,388","3,494","3,894"
Lothian,68,"6,876","3,172","3,704"
Lothian,69,"6,438","3,014","3,424"
Lothian,70,"6,210","2,864","3,346"
Lothian,71,"6,202","2,848","3,354"
Lothian,72,"6,131","2,754","3,377"
Lothian,73,"5,946","2,676","3,270"
Lothian,74,"5,593","2,483","3,110"
Lothian,75,"5,472","2,403","3,069"
Lothian,76,"5,143","2,262","2,881"
Lothian,77,"4,889","2,114","2,775"
Lothian,78,"4,485","1,906","2,579"
Lothian,79,"4,672","1,918","2,754"
Lothian,80,"4,267","1,713","2,554"
Lothian,81,"3,918","1,535","2,383"
Lothian,82,"3,530","1,374","2,156"
Lothian,83,"3,176","1,202","1,974"
Lothian,84,"3,018","1,076","1,942"
Lothian,85 to 89,"10,540","3,621","6,919"
Lothian,90 to 94,"3,989","1,070","2,919"
Lothian,95 and over,"1,163",245,918
Orkney,All people,"21,349","10,566","10,783"
Orkney,Under 1,209,100,109
Orkney,1,205,111,94
Orkney,2,231,130,101
Orkney,3,220,101,119
Orkney,4,242,122,120
Orkney,5,213,103,110
Orkney,6,199,97,102
Orkney,7,194,115,79
Orkney,8,202,93,109
Orkney,9,196,94,102
Orkney,10,218,103,115
Orkney,11,227,112,115
Orkney,12,246,137,109
Orkney,13,247,137,110
Orkney,14,267,156,111
Orkney,15,310,175,135
Orkney,16,271,120,151
Orkney,17,276,121,155
Orkney,18,244,117,127
Orkney,19,205,104,101
Orkney,20,218,132,86
Orkney,21,236,130,106
Orkney,22,207,114,93
Orkney,23,239,117,122
Orkney,24,233,121,112
Orkney,25,219,110,109
Orkney,26,212,109,103
Orkney,27,201,101,100
Orkney,28,222,97,125
Orkney,29,194,111,83
Orkney,30,230,107,123
Orkney,31,221,112,109
Orkney,32,230,96,134
Orkney,33,196,99,97
Orkney,34,188,91,97
Orkney,35,221,114,107
Orkney,36,223,106,117
Orkney,37,226,98,128
Orkney,38,267,125,142
Orkney,39,279,126,153
Orkney,40,287,135,152
Orkney,41,301,151,150
Orkney,42,289,142,147
Orkney,43,340,170,170
Orkney,44,372,186,186
Orkney,45,357,177,180
Orkney,46,360,173,187
Orkney,47,318,170,148
Orkney,48,360,183,177
Orkney,49,317,175,142
Orkney,50,331,166,165
Orkney,51,339,187,152
Orkney,52,306,139,167
Orkney,53,309,160,149
Orkney,54,326,158,168
Orkney,55,296,134,162
Orkney,56,327,170,157
Orkney,57,295,163,132
Orkney,58,316,162,154
Orkney,59,294,142,152
Orkney,60,299,148,151
Orkney,61,288,151,137
Orkney,62,341,177,164
Orkney,63,318,151,167
Orkney,64,360,197,163
Orkney,65,243,113,130
Orkney,66,292,139,153
Orkney,67,270,139,131
Orkney,68,282,135,147
Orkney,69,259,124,135
Orkney,70,216,97,119
Orkney,71,271,138,133
Orkney,72,227,120,107
Orkney,73,196,97,99
Orkney,74,182,83,99
Orkney,75,165,73,92
Orkney,76,166,87,79
Orkney,77,156,68,88
Orkney,78,120,52,68
Orkney,79,126,57,69
Orkney,80,128,46,82
Orkney,81,135,63,72
Orkney,82,112,48,64
Orkney,83,92,51,41
Orkney,84,102,36,66
Orkney,85 to 89,305,123,182
Orkney,90 to 94,128,35,93
Orkney,95 and over,46,11,35
Shetland,All people,"23,167","11,761","11,406"
Shetland,Under 1,257,141,116
Shetland,1,305,173,132
Shetland,2,279,145,134
Shetland,3,239,137,102
Shetland,4,309,145,164
Shetland,5,266,134,132
Shetland,6,267,157,110
Shetland,7,269,144,125
Shetland,8,262,137,125
Shetland,9,262,140,122
Shetland,10,270,126,144
Shetland,11,311,168,143
Shetland,12,286,134,152
Shetland,13,299,142,157
Shetland,14,284,141,143
Shetland,15,306,153,153
Shetland,16,315,175,140
Shetland,17,314,167,147
Shetland,18,275,152,123
Shetland,19,241,145,96
Shetland,20,246,111,135
Shetland,21,214,123,91
Shetland,22,274,149,125
Shetland,23,266,140,126
Shetland,24,295,148,147
Shetland,25,263,137,126
Shetland,26,245,130,115
Shetland,27,241,118,123
Shetland,28,230,130,100
Shetland,29,274,138,136
Shetland,30,305,153,152
Shetland,31,249,125,124
Shetland,32,277,149,128
Shetland,33,264,131,133
Shetland,34,308,149,159
Shetland,35,279,148,131
Shetland,36,286,141,145
Shetland,37,337,174,163
Shetland,38,314,171,143
Shetland,39,317,148,169
Shetland,40,346,168,178
Shetland,41,318,162,156
Shetland,42,334,158,176
Shetland,43,342,173,169
Shetland,44,330,175,155
Shetland,45,370,200,170
Shetland,46,369,195,174
Shetland,47,372,180,192
Shetland,48,391,203,188
Shetland,49,339,174,165
Shetland,50,367,193,174
Shetland,51,305,153,152
Shetland,52,327,174,153
Shetland,53,349,181,168
Shetland,54,281,132,149
Shetland,55,339,175,164
Shetland,56,342,175,167
Shetland,57,304,151,153
Shetland,58,292,153,139
Shetland,59,316,170,146
Shetland,60,308,158,150
Shetland,61,338,169,169
Shetland,62,284,156,128
Shetland,63,330,190,140
Shetland,64,297,169,128
Shetland,65,256,129,127
Shetland,66,247,113,134
Shetland,67,235,131,104
Shetland,68,274,128,146
Shetland,69,218,100,118
Shetland,70,191,94,97
Shetland,71,213,103,110
Shetland,72,181,94,87
Shetland,73,166,79,87
Shetland,74,162,80,82
Shetland,75,155,76,79
Shetland,76,151,64,87
Shetland,77,147,70,77
Shetland,78,115,44,71
Shetland,79,119,50,69
Shetland,80,108,60,48
Shetland,81,105,51,54
Shetland,82,101,37,64
Shetland,83,90,28,62
Shetland,84,87,28,59
Shetland,85 to 89,296,102,194
Shetland,90 to 94,124,37,87
Shetland,95 and over,36,7,29
Tayside,All people,"409,709","198,265","211,444"
Tayside,Under 1,"4,197","2,140","2,057"
Tayside,1,"4,257","2,159","2,098"
Tayside,2,"4,230","2,192","2,038"
Tayside,3,"4,349","2,160","2,189"
Tayside,4,"4,035","2,082","1,953"
Tayside,5,"4,065","2,036","2,029"
Tayside,6,"4,056","2,098","1,958"
Tayside,7,"4,092","2,088","2,004"
Tayside,8,"3,980","2,087","1,893"
Tayside,9,"4,058","2,056","2,002"
Tayside,10,"4,271","2,197","2,074"
Tayside,11,"4,440","2,261","2,179"
Tayside,12,"4,514","2,373","2,141"
Tayside,13,"4,711","2,363","2,348"
Tayside,14,"4,944","2,520","2,424"
Tayside,15,"4,905","2,482","2,423"
Tayside,16,"4,746","2,402","2,344"
Tayside,17,"4,855","2,530","2,325"
Tayside,18,"5,779","2,892","2,887"
Tayside,19,"6,074","3,014","3,060"
Tayside,20,"6,320","3,153","3,167"
Tayside,21,"5,688","2,841","2,847"
Tayside,22,"5,648","2,912","2,736"
Tayside,23,"5,740","2,841","2,899"
Tayside,24,"5,431","2,701","2,730"
Tayside,25,"5,372","2,706","2,666"
Tayside,26,"5,242","2,592","2,650"
Tayside,27,"5,161","2,587","2,574"
Tayside,28,"4,965","2,440","2,525"
Tayside,29,"5,091","2,549","2,542"
Tayside,30,"4,890","2,364","2,526"
Tayside,31,"4,655","2,290","2,365"
Tayside,32,"4,465","2,237","2,228"
Tayside,33,"4,282","2,096","2,186"
Tayside,34,"4,132","2,044","2,088"
Tayside,35,"4,280","2,102","2,178"
Tayside,36,"4,311","2,041","2,270"
Tayside,37,"4,498","2,118","2,380"
Tayside,38,"4,901","2,351","2,550"
Tayside,39,"5,337","2,571","2,766"
Tayside,40,"5,384","2,587","2,797"
Tayside,41,"5,504","2,730","2,774"
Tayside,42,"5,690","2,742","2,948"
Tayside,43,"5,859","2,800","3,059"
Tayside,44,"5,806","2,810","2,996"
Tayside,45,"6,155","3,064","3,091"
Tayside,46,"6,383","3,137","3,246"
Tayside,47,"6,116","3,034","3,082"
Tayside,48,"6,260","3,063","3,197"
Tayside,49,"6,044","2,934","3,110"
Tayside,50,"5,957","2,865","3,092"
Tayside,51,"5,756","2,808","2,948"
Tayside,52,"5,742","2,815","2,927"
Tayside,53,"5,702","2,789","2,913"
Tayside,54,"5,575","2,740","2,835"
Tayside,55,"5,194","2,521","2,673"
Tayside,56,"5,127","2,531","2,596"
Tayside,57,"5,188","2,583","2,605"
Tayside,58,"5,265","2,530","2,735"
Tayside,59,"5,001","2,473","2,528"
Tayside,60,"5,130","2,529","2,601"
Tayside,61,"5,298","2,585","2,713"
Tayside,62,"5,447","2,631","2,816"
Tayside,63,"5,933","2,923","3,010"
Tayside,64,"6,072","2,950","3,122"
Tayside,65,"4,405","2,142","2,263"
Tayside,66,"4,467","2,120","2,347"
Tayside,67,"4,371","2,091","2,280"
Tayside,68,"4,274","2,004","2,270"
Tayside,69,"3,982","1,838","2,144"
Tayside,70,"3,809","1,779","2,030"
Tayside,71,"3,855","1,845","2,010"
Tayside,72,"3,842","1,749","2,093"
Tayside,73,"3,698","1,693","2,005"
Tayside,74,"3,529","1,568","1,961"
Tayside,75,"3,419","1,554","1,865"
Tayside,76,"3,391","1,464","1,927"
Tayside,77,"3,026","1,369","1,657"
Tayside,78,"2,843","1,240","1,603"
Tayside,79,"2,920","1,253","1,667"
Tayside,80,"2,717","1,145","1,572"
Tayside,81,"2,468","1,010","1,458"
Tayside,82,"2,348",941,"1,407"
Tayside,83,"1,945",763,"1,182"
Tayside,84,"1,973",726,"1,247"
Tayside,85 to 89,"6,747","2,245","4,502"
Tayside,90 to 94,"2,404",728,"1,676"
Tayside,95 and over,721,156,565
Western Isles,All people,"27,684","13,668","14,016"
Western Isles,Under 1,235,127,108
Western Isles,1,243,133,110
Western Isles,2,277,145,132
Western Isles,3,287,157,130
Western Isles,4,312,156,156
Western Isles,5,277,146,131
Western Isles,6,268,131,137
Western Isles,7,302,151,151
Western Isles,8,301,139,162
Western Isles,9,265,129,136
Western Isles,10,304,148,156
Western Isles,11,279,152,127
Western Isles,12,325,157,168
Western Isles,13,283,144,139
Western Isles,14,338,176,162
Western Isles,15,382,199,183
Western Isles,16,326,148,178
Western Isles,17,343,169,174
Western Isles,18,263,125,138
Western Isles,19,272,165,107
Western Isles,20,201,120,81
Western Isles,21,246,138,108
Western Isles,22,258,152,106
Western Isles,23,264,138,126
Western Isles,24,259,138,121
Western Isles,25,257,132,125
Western Isles,26,241,141,100
Western Isles,27,217,104,113
Western Isles,28,268,128,140
Western Isles,29,275,137,138
Western Isles,30,236,119,117
Western Isles,31,277,139,138
Western Isles,32,311,146,165
Western Isles,33,251,127,124
Western Isles,34,302,143,159
Western Isles,35,316,148,168
Western Isles,36,298,149,149
Western Isles,37,314,156,158
Western Isles,38,328,170,158
Western Isles,39,380,191,189
Western Isles,40,365,200,165
Western Isles,41,423,212,211
Western Isles,42,422,215,207
Western Isles,43,427,214,213
Western Isles,44,418,213,205
Western Isles,45,403,186,217
Western Isles,46,399,197,202
Western Isles,47,446,235,211
Western Isles,48,422,213,209
Western Isles,49,428,223,205
Western Isles,50,421,210,211
Western Isles,51,411,227,184
Western Isles,52,409,208,201
Western Isles,53,398,190,208
Western Isles,54,396,209,187
Western Isles,55,388,194,194
Western Isles,56,388,182,206
Western Isles,57,378,210,168
Western Isles,58,385,193,192
Western Isles,59,433,211,222
Western Isles,60,402,198,204
Western Isles,61,436,221,215
Western Isles,62,450,244,206
Western Isles,63,426,236,190
Western Isles,64,460,225,235
Western Isles,65,355,193,162
Western Isles,66,345,172,173
Western Isles,67,359,171,188
Western Isles,68,338,163,175
Western Isles,69,303,153,150
Western Isles,70,312,139,173
Western Isles,71,323,148,175
Western Isles,72,303,161,142
Western Isles,73,299,137,162
Western Isles,74,260,120,140
Western Isles,75,238,108,130
Western Isles,76,245,108,137
Western Isles,77,241,104,137
Western Isles,78,233,87,146
Western Isles,79,190,77,113
Western Isles,80,171,69,102
Western Isles,81,172,75,97
Western Isles,82,200,84,116
Western Isles,83,153,54,99
Western Isles,84,144,58,86
Western Isles,85 to 89,539,165,374
Western Isles,90 to 94,186,33,153
Western Isles,95 and over,60,10,50